{
  "1": 43.930958333333336,
  "2": 43.13095833333333,
  "3": 42.77095833333333,
  "4": 46.650958333333335,
  "5": 39.610958333333336,
  "6": 40.730958333333334,
  "7": 42.57095833333333,
  "8": 35.970958333333336,
  "9": 34.81095833333333
}
