{
  "1": 42.050958333333334,
  "2": 39.930958333333336,
  "3": 40.610958333333336,
  "4": 43.730958333333334,
  "5": 32.53095833333333
}
