{
  "1": 6.55525,
  "2": 30.83525,
  "3": 8.27525,
  "4": 19.87525,
  "5": 17.11525,
  "6": 4.43525,
  "7": 20.23525,
  "8": 9.27525,
  "9": 33.99525,
  "10": 31.11525,
  "11": 13.51525,
  "12": 6.07525,
  "13": 35.47525,
  "14": 28.43525,
  "15": 16.51525,
  "16": 24.75525,
  "17": 17.91525,
  "18": 31.95525,
  "19": 18.43525,
  "20": 21.99525,
  "21": 30.99525,
  "22": 22.91525,
  "23": 23.87525,
  "24": 22.11525,
  "25": 16.83525,
  "26": 21.83525,
  "27": 26.35525,
  "28": 21.51525,
  "29": 23.11525,
  "30": 20.43525,
  "31": 24.59525,
  "32": 22.79525,
  "33": 26.19525,
  "34": 20.19525,
  "35": 26.63525,
  "36": 16.11525,
  "37": 30.11525,
  "38": 31.75525,
  "39": 21.79525,
  "40": 10.51525,
  "41": 19.43525,
  "42": 19.43525,
  "43": 16.31525,
  "44": 33.03525,
  "45": 10.43525,
  "46": 16.91525,
  "47": 22.95525,
  "48": 18.95525,
  "49": 30.71525,
  "50": 28.47525,
  "51": 23.39525,
  "52": 4.43525,
  "53": 33.79525,
  "54": 36.99525,
  "55": 3.67525
}
