{
  "1": 50.970958333333336,
  "2": 53.89095833333333,
  "3": 50.13095833333333,
  "4": 53.930958333333336,
  "5": 48.53095833333333,
  "6": 51.610958333333336,
  "7": 49.85095833333333,
  "8": 45.45095833333333,
  "9": 54.49095833333333,
  "10": 46.330958333333335
}
