{
  "1": 4.930958333333334,
  "2": 17.450958333333332,
  "3": 7.6109583333333335,
  "4": 10.770958333333333,
  "5": 5.930958333333334,
  "6": 7.810958333333334,
  "7": 20.250958333333333,
  "8": 17.65095833333333,
  "9": 12.810958333333334,
  "10": 15.690958333333333,
  "11": 12.690958333333333,
  "12": 19.570958333333333,
  "13": 6.970958333333333,
  "14": 23.090958333333333,
  "15": 24.090958333333333,
  "16": 23.770958333333333,
  "17": 20.010958333333335,
  "18": 16.610958333333333,
  "19": 9.890958333333334,
  "20": 8.690958333333333,
  "21": 18.970958333333332,
  "22": 11.130958333333334,
  "23": 9.490958333333333,
  "24": 21.010958333333335,
  "25": 9.290958333333334,
  "26": 28.010958333333335,
  "27": 22.050958333333334,
  "28": 5.130958333333333,
  "29": 19.850958333333335,
  "30": 24.170958333333335,
  "31": 15.410958333333333,
  "32": 9.090958333333333,
  "33": 3.290958333333333,
  "34": 28.170958333333335,
  "35": 16.770958333333333,
  "36": 3.1709583333333335,
  "37": 25.930958333333333,
  "38": 31.330958333333335,
  "39": 19.170958333333335,
  "40": 10.610958333333333,
  "41": 17.850958333333335,
  "42": 18.890958333333334,
  "43": 14.530958333333333,
  "44": 28.170958333333335,
  "45": 10.610958333333333,
  "46": 14.650958333333334,
  "47": 23.31525,
  "48": 17.91525,
  "49": 31.31525,
  "50": 26.63525,
  "51": 23.59525,
  "52": 4.47525,
  "53": 33.79525,
  "54": 36.51525,
  "55": 2.67525
}
